{"accuracy": [0.48523083329200745, 0.575204610824585, 0.6131547689437866, 0.650846004486084, 0.689669668674469], "loss": [1.2352745532989502, 1.0543529987335205, 0.9688857793807983, 0.8907964825630188, 0.7983222007751465], "val_accuracy": [0.5602855086326599, 0.6122865080833435, 0.6380321383476257, 0.6691307425498962, 0.6831506490707397], "val_loss": [1.1030884981155396, 0.9746937155723572, 0.9279953241348267, 0.8674115538597107, 0.8411514759063721]}